Datetime,Water Level (m)
2025-03-11 00:00:00,-0.04664605
2025-03-11 01:00:00,-0.21575731
2025-03-11 02:00:00,-0.39044166
2025-03-11 03:00:00,-0.53867173
2025-03-11 04:00:00,-0.619308
2025-03-11 05:00:00,-0.52808857
2025-03-11 06:00:00,-0.36731654
2025-03-11 07:00:00,-0.18607613
2025-03-11 08:00:00,-0.020580128
2025-03-11 09:00:00,0.08604654
2025-03-11 10:00:00,0.08927961
2025-03-11 11:00:00,-0.016316423
2025-03-11 12:00:00,-0.13603981
2025-03-11 13:00:00,-0.27389032
2025-03-11 14:00:00,-0.41837597
2025-03-11 15:00:00,-0.5593535
2025-03-11 16:00:00,-0.5888403
2025-03-11 17:00:00,-0.38589656
2025-03-11 18:00:00,-0.20678917
2025-03-11 19:00:00,0.037252933
2025-03-11 20:00:00,0.22134964
2025-03-11 21:00:00,0.3796912
2025-03-11 22:00:00,0.38416094
2025-03-11 23:00:00,0.24957132
2025-03-12 00:00:00,0.102867015
2025-03-12 01:00:00,-0.060935542
2025-03-12 02:00:00,-0.22942862
2025-03-12 03:00:00,-0.40833682
2025-03-12 04:00:00,-0.55394834
2025-03-12 05:00:00,-0.60167253
2025-03-12 06:00:00,-0.4271907
2025-03-12 07:00:00,-0.23968232
2025-03-12 08:00:00,0.015087289
2025-03-12 09:00:00,0.20056106
2025-03-12 10:00:00,0.29594317
2025-03-12 11:00:00,0.22150885
2025-03-12 12:00:00,0.090944864
2025-03-12 13:00:00,-0.055930793
2025-03-12 14:00:00,-0.21302395
2025-03-12 15:00:00,-0.38278043
2025-03-12 16:00:00,-0.5173649
2025-03-12 17:00:00,-0.46471503
2025-03-12 18:00:00,-0.24114707
2025-03-12 19:00:00,-0.022326322
2025-03-12 20:00:00,0.24641821
2025-03-12 21:00:00,0.44885498
2025-03-12 22:00:00,0.5775922
2025-03-12 23:00:00,0.48768175
2025-03-13 00:00:00,0.33440575
2025-03-13 01:00:00,0.15996365
2025-03-13 02:00:00,-0.0203328
2025-03-13 03:00:00,-0.20074368
2025-03-13 04:00:00,-0.38212267
2025-03-13 05:00:00,-0.49318555
2025-03-13 06:00:00,-0.372883
2025-03-13 07:00:00,-0.15620436
2025-03-13 08:00:00,0.09728474
2025-03-13 09:00:00,0.32176825
2025-03-13 10:00:00,0.46507162
2025-03-13 11:00:00,0.46755716
2025-03-13 12:00:00,0.33067858
2025-03-13 13:00:00,0.17366698
2025-03-13 14:00:00,0.004829161
2025-03-13 15:00:00,-0.16532247
2025-03-13 16:00:00,-0.342657
2025-03-13 17:00:00,-0.44677
2025-03-13 18:00:00,-0.27333036
2025-03-13 19:00:00,-0.053975247
2025-03-13 20:00:00,0.24635267
2025-03-13 21:00:00,0.49136433
2025-03-13 22:00:00,0.6749616
2025-03-13 23:00:00,0.68463665
2025-03-14 00:00:00,0.5360378
2025-03-14 01:00:00,0.36401328
2025-03-14 02:00:00,0.1730785
2025-03-14 03:00:00,-0.016853936
2025-03-14 04:00:00,-0.20434502
2025-03-14 05:00:00,-0.3692121
2025-03-14 06:00:00,-0.39751735
2025-03-14 07:00:00,-0.16021502
2025-03-14 08:00:00,0.058883063
2025-03-14 09:00:00,0.34797114
2025-03-14 10:00:00,0.53675663
2025-03-14 11:00:00,0.6210018
2025-03-14 12:00:00,0.5077215
2025-03-14 13:00:00,0.35256675
2025-03-14 14:00:00,0.17301138
2025-03-14 15:00:00,-0.008549296
2025-03-14 16:00:00,-0.18951072
2025-03-14 17:00:00,-0.35660332
2025-03-14 18:00:00,-0.36699924
2025-03-14 19:00:00,-0.12373601
2025-03-14 20:00:00,0.110712506
2025-03-14 21:00:00,0.40627804
2025-03-14 22:00:00,0.61533594
2025-03-14 23:00:00,0.72487247
2025-03-15 00:00:00,0.61189264
2025-03-15 01:00:00,0.44937754
2025-03-15 02:00:00,0.25955632
2025-03-15 03:00:00,0.068656884
2025-03-15 04:00:00,-0.12425509
2025-03-15 05:00:00,-0.30992058
2025-03-15 06:00:00,-0.42984092
2025-03-15 07:00:00,-0.29277912
2025-03-15 08:00:00,-0.056468025
2025-03-15 09:00:00,0.23939422
2025-03-15 10:00:00,0.47641098
2025-03-15 11:00:00,0.62090266
2025-03-15 12:00:00,0.57509154
2025-03-15 13:00:00,0.42519972
2025-03-15 14:00:00,0.25209174
2025-03-15 15:00:00,0.069709755
2025-03-15 16:00:00,-0.1121317
2025-03-15 17:00:00,-0.29609406
2025-03-15 18:00:00,-0.4100714
2025-03-15 19:00:00,-0.25721362
2025-03-15 20:00:00,-0.030465383
2025-03-15 21:00:00,0.26422468
2025-03-15 22:00:00,0.5060071
2025-03-15 23:00:00,0.6638507
2025-03-16 00:00:00,0.6250723
2025-03-16 01:00:00,0.47168413
2025-03-16 02:00:00,0.296154
2025-03-16 03:00:00,0.11106873
2025-03-16 04:00:00,-0.07452264
2025-03-16 05:00:00,-0.26361072
2025-03-16 06:00:00,-0.41145024
2025-03-16 07:00:00,-0.38420904
2025-03-16 08:00:00,-0.13746853
2025-03-16 09:00:00,0.10844082
2025-03-16 10:00:00,0.39276758
2025-03-16 11:00:00,0.5731934
2025-03-16 12:00:00,0.6298264
2025-03-16 13:00:00,0.5035504
2025-03-16 14:00:00,0.34532622
2025-03-16 15:00:00,0.16641317
2025-03-16 16:00:00,-0.016320424
2025-03-16 17:00:00,-0.19874704
2025-03-16 18:00:00,-0.3619031
2025-03-16 19:00:00,-0.36477166
2025-03-16 20:00:00,-0.12092748
2025-03-16 21:00:00,0.11179972
2025-03-16 22:00:00,0.39594764
2025-03-16 23:00:00,0.57369435
2025-03-17 00:00:00,0.62231576
